0.02712,0.02618,0.02497,0.01792,0.02767,0.02429,0.01583,0.02462,0.02096,0.01037,-0.01016,0.002416,-0.005417,-0.007979,0.02387,0.009315,0.02574,0.03138,0.01309,0.02102,0.0249,0.015,0.02991,0.02876,0.01729,0.03117,0.02761,0.01445
0.09046,0.08591,0.0864,0.0857,0.0874,0.08721,0.08658,0.08642,0.08692,0.08713,0.07845,0.08755,0.09171,0.09032,0.09287,0.09342,0.09357,0.09368,0.09377,0.08439,0.08809,0.08897,0.09032,0.09053,0.09008,0.09038,0.09051,0.09054
-0.02517,-0.03704,-0.03019,-0.0225,-0.03325,-0.028,-0.02086,-0.03168,-0.02687,-0.01972,-0.04257,-0.03445,-0.02337,-0.03898,-0.02946,-0.01987,-0.03212,-0.02542,-0.01741,-0.03977,-0.03141,-0.02232,-0.03455,-0.02764,-0.01982,-0.03062,-0.02548,-0.01826
0.02257,0.01957,0.02236,0.02319,0.02266,0.02282,0.02254,0.02149,0.02136,0.02119,0.004732,0.01397,0.02112,0.0132,0.01968,0.02264,0.02042,0.02188,0.02248,0.01327,0.01986,0.0231,0.02067,0.02282,0.02338,0.02279,0.02271,0.0225
-0.0004655,-0.01756,-0.008689,0.002595,-0.01231,-0.004732,0.006404,-0.009742,-0.001959,0.009715,-0.02479,-0.01387,0.001889,-0.01876,-0.006312,0.007742,-0.009855,-0.00026,0.01232,-0.02146,-0.0107,0.002434,-0.01426,-0.004868,0.007074,-0.008983,-0.001039,0.01079
0.04808,0.03883,0.04423,0.04897,0.04414,0.04679,0.0506,0.0443,0.04714,0.05149,0.02156,0.03463,0.04723,0.03308,0.04341,0.05118,0.04326,0.04787,0.05315,0.03077,0.04076,0.04856,0.04113,0.0462,0.0511,0.04514,0.04794,0.05239
-0.0697,-0.08467,-0.07405,-0.0608,-0.08051,-0.07057,-0.05837,-0.07621,-0.06813,-0.05669,-0.09138,-0.08352,-0.06829,-0.09249,-0.08033,-0.06395,-0.08785,-0.07461,-0.05992,-0.08834,-0.07861,-0.06404,-0.08658,-0.07456,-0.06059,-0.08048,-0.07034,-0.05792
-0.02142,-0.02996,-0.02192,-0.01475,-0.02463,-0.01943,-0.01445,-0.02227,-0.01928,-0.01519,-0.04601,-0.03748,-0.02445,-0.04416,-0.03273,-0.02137,-0.03651,-0.02723,-0.01949,-0.03802,-0.02881,-0.01864,-0.0331,-0.02434,-0.01697,-0.02669,-0.02166,-0.01659
0.07261,0.06454,0.06376,0.06299,0.06444,0.06449,0.06464,0.06354,0.0647,0.06597,0.07338,0.07644,0.07729,0.08039,0.08016,0.07986,0.08143,0.08113,0.0814,0.07015,0.07045,0.07004,0.07274,0.07216,0.07193,0.07195,0.07257,0.07331
0.1208,0.1198,0.1159,0.1089,0.1196,0.1154,0.1085,0.117,0.1135,0.1075,0.1231,0.1262,0.1228,0.1323,0.1296,0.1232,0.1331,0.1288,0.1221,0.123,0.1216,0.1159,0.1267,0.1226,0.1157,0.125,0.1211,0.1147
0.004865,-0.001352,-0.000133,0.0004889,-0.0003747,0.0001735,0.0007454,-0.001179,-0.0005383,0.0004275,0.001556,0.004326,0.007178,0.00481,0.007531,0.009229,0.008164,0.009376,0.01025,0.0004733,0.0028,0.004283,0.003301,0.004603,0.005355,0.004261,0.004891,0.005512
0.05323,0.05523,0.05269,0.0466,0.05583,0.05146,0.04462,0.05257,0.04828,0.04184,0.04922,0.05347,0.05245,0.05744,0.05734,0.05248,0.06114,0.0574,0.05086,0.05362,0.05443,0.05023,0.05869,0.05556,0.04913,0.05815,0.05369,0.04684
0.02991,0.01858,0.02177,0.02598,0.02128,0.02385,0.02823,0.02112,0.02457,0.02989,0.01718,0.02471,0.03288,0.02567,0.03146,0.03739,0.03199,0.03524,0.04035,0.01823,0.02379,0.02946,0.02462,0.02792,0.03259,0.02668,0.02971,0.0347
0.07896,0.07456,0.07472,0.07266,0.07769,0.07565,0.07282,0.07559,0.07416,0.07212,0.06402,0.07383,0.07883,0.0777,0.08159,0.08147,0.08512,0.08393,0.08186,0.07048,0.07537,0.07598,0.07975,0.07926,0.07711,0.081,0.07916,0.07681
-0.03887,-0.04911,-0.04353,-0.03748,-0.04607,-0.04167,-0.03649,-0.0445,-0.04126,-0.03636,-0.05056,-0.04629,-0.03784,-0.05028,-0.04303,-0.03446,-0.04556,-0.03857,-0.03179,-0.05014,-0.04467,-0.03724,-0.04793,-0.0415,-0.03504,-0.04362,-0.03913,-0.03388
0.01013,0.006337,0.0092,0.009052,0.01055,0.01009,0.007926,0.0101,0.008212,0.005622,-0.005387,0.000731,0.006978,-0.0006945,0.005841,0.009,0.007218,0.00981,0.009375,0.000506,0.00592,0.008822,0.006626,0.00953,0.009198,0.01101,0.01028,0.008022
0.05353,0.04068,0.04328,0.04709,0.04238,0.04554,0.05015,0.04339,0.04745,0.05302,0.04437,0.05166,0.05756,0.05331,0.05695,0.0614,0.05654,0.0596,0.06434,0.04403,0.04802,0.05227,0.04844,0.05123,0.05547,0.04969,0.05322,0.05829
0.1009,0.09673,0.09545,0.09256,0.0975,0.09599,0.09341,0.09625,0.09559,0.09397,0.09498,0.1016,0.1024,0.106,0.1061,0.1038,0.108,0.1064,0.104,0.09804,0.09937,0.09755,0.1029,0.1013,0.09851,0.1023,0.101,0.09892
-0.0142,-0.02523,-0.02053,-0.01521,-0.02233,-0.01873,-0.01364,-0.02154,-0.01791,-0.01255,-0.02816,-0.02038,-0.01209,-0.02196,-0.01513,-0.008742,-0.01588,-0.01178,-0.00653,-0.02604,-0.01948,-0.01317,-0.02054,-0.01608,-0.01086,-0.01787,-0.01442,-0.009429
0.0333,0.03155,0.03197,0.03035,0.0334,0.03192,0.0296,0.03142,0.03014,0.02821,0.02021,0.02866,0.03239,0.03097,0.03407,0.03356,0.03642,0.03526,0.03311,0.02777,0.03196,0.03213,0.03469,0.03425,0.03215,0.03525,0.03354,0.03114
0.01109,-0.004894,0.001667,0.01055,-0.0008811,0.005108,0.01422,0.0006942,0.007471,0.01741,-0.009611,0.001468,0.0143,-0.00004156,0.009295,0.01989,0.007532,0.01425,0.02408,-0.006708,0.0022,0.01244,0.0008142,0.007492,0.01681,0.004236,0.01062,0.02031
0.05938,0.05168,0.05451,0.05677,0.05536,0.05644,0.05824,0.0545,0.05638,0.05902,0.03788,0.0506,0.05959,0.05266,0.05905,0.06309,0.0604,0.06208,0.06461,0.04634,0.05383,0.05842,0.05621,0.0584,0.06061,0.05803,0.05934,0.06167
-0.05767,-0.07241,-0.06353,-0.05269,-0.06823,-0.06036,-0.05038,-0.0652,-0.05849,-0.04887,-0.07761,-0.06937,-0.05598,-0.07562,-0.06472,-0.0515,-0.06929,-0.05918,-0.04779,-0.075,-0.06604,-0.05393,-0.07136,-0.06171,-0.0506,-0.06597,-0.05817,-0.0482
-0.009537,-0.01702,-0.01121,-0.006715,-0.01221,-0.009263,-0.006585,-0.01144,-0.009787,-0.007519,-0.03178,-0.02258,-0.01191,-0.02589,-0.01644,-0.008933,-0.01717,-0.01175,-0.007561,-0.0239,-0.01573,-0.00851,-0.01709,-0.01132,-0.007094,-0.01218,-0.009605,-0.007041
0.08259,0.07429,0.07209,0.06928,0.07412,0.07276,0.07096,0.073,0.07288,0.07233,0.08669,0.08848,0.08695,0.09397,0.09231,0.0895,0.09542,0.09336,0.09104,0.08171,0.08057,0.0779,0.08444,0.08229,0.07977,0.0836,0.08261,0.08111
0.1305,0.1292,0.124,0.115,0.129,0.1234,0.1146,0.1262,0.1215,0.1138,0.1368,0.1381,0.1322,0.1455,0.1414,0.1325,0.1465,0.1406,0.1314,0.1344,0.1316,0.1235,0.138,0.1325,0.1233,0.1362,0.1309,0.1223
0.01502,0.00905,0.008518,0.007004,0.009628,0.008655,0.007263,0.008307,0.00774,0.006941,0.01442,0.01675,0.01723,0.01964,0.02039,0.01928,0.02294,0.02197,0.02016,0.01252,0.01341,0.01246,0.01582,0.01511,0.01345,0.01614,0.01513,0.01353
0.06317,0.06563,0.06125,0.053,0.06561,0.05978,0.05101,0.06186,0.05641,0.04823,0.06309,0.06629,0.06243,0.0726,0.07012,0.06231,0.07556,0.06971,0.06052,0.06612,0.06509,0.05829,0.07106,0.0659,0.05705,0.06972,0.06371,0.05468
0.04062,0.02953,0.03103,0.03312,0.03166,0.03285,0.03531,0.03093,0.03329,0.03688,0.03109,0.03829,0.04399,0.04169,0.0453,0.04838,0.0474,0.04857,0.05108,0.03113,0.03521,0.03844,0.03776,0.0391,0.0414,0.03893,0.0405,0.04335
0.08942,0.08548,0.08386,0.07964,0.08781,0.08447,0.07973,0.08518,0.08272,0.07897,0.07895,0.08778,0.08984,0.09408,0.09531,0.09219,0.1001,0.09693,0.09231,0.08391,0.08683,0.0848,0.09271,0.09025,0.08571,0.09291,0.08971,0.08526
-0.02781,-0.03808,-0.03402,-0.03018,-0.03494,-0.03236,-0.02926,-0.0343,-0.03237,-0.02925,-0.03804,-0.03347,-0.02668,-0.03509,-0.02882,-0.02315,-0.02864,-0.02443,-0.02073,-0.03821,-0.03329,-0.0281,-0.03416,-0.0298,-0.02598,-0.03034,-0.02794,-0.02505
0.02103,0.01784,0.01881,0.01627,0.0217,0.01933,0.01504,0.02013,0.01697,0.01261,0.007701,0.0142,0.01828,0.01573,0.0205,0.02025,0.02449,0.02389,0.02023,0.01318,0.01769,0.01795,0.0209,0.02128,0.01813,0.02417,0.02133,0.0167
0.04997,0.03674,0.03982,0.04428,0.03799,0.04187,0.04722,0.03889,0.04365,0.04996,0.04448,0.05022,0.05569,0.0512,0.05459,0.05933,0.05298,0.05675,0.06211,0.04146,0.04516,0.04972,0.04455,0.04791,0.05278,0.04535,0.04966,0.05545
0.09733,0.09288,0.09199,0.08973,0.0931,0.09228,0.09045,0.09164,0.09172,0.09088,0.09531,0.1002,0.1005,0.104,0.1037,0.1017,0.1044,0.1035,0.1018,0.09561,0.09653,0.09498,0.099,0.09796,0.09581,0.09789,0.09744,0.09606
-0.01779,-0.02918,-0.024,-0.01803,-0.02674,-0.02242,-0.0166,-0.02609,-0.02174,-0.01565,-0.02828,-0.02178,-0.01397,-0.02394,-0.01748,-0.01085,-0.01944,-0.01465,-0.008796,-0.02857,-0.02233,-0.01574,-0.02442,-0.01942,-0.01358,-0.02225,-0.018,-0.01231
0.02965,0.02759,0.02844,0.02749,0.02889,0.02816,0.02661,0.02672,0.02622,0.02507,0.02043,0.02726,0.03048,0.02902,0.03166,0.03145,0.03277,0.03233,0.03085,0.02537,0.02907,0.02953,0.03076,0.03085,0.02941,0.03075,0.02988,0.02824
0.007464,-0.008866,-0.001837,0.007642,-0.005369,0.001366,0.01118,-0.00387,0.003619,0.01424,-0.009295,0.0001598,0.01234,-0.001982,0.006894,0.01767,0.003869,0.01131,0.02169,-0.009071,-0.000642,0.009786,-0.003155,0.004103,0.01399,-0.0002059,0.006989,0.01733
0.05569,0.04776,0.05099,0.05384,0.05082,0.05264,0.05517,0.04982,0.05245,0.05582,0.03854,0.04934,0.0576,0.05082,0.05661,0.06086,0.05665,0.0591,0.06224,0.04418,0.05098,0.05574,0.05224,0.05496,0.05777,0.05351,0.05565,0.05869
-0.06136,-0.07635,-0.06703,-0.05561,-0.07275,-0.06414,-0.05345,-0.06986,-0.06239,-0.05207,-0.07761,-0.07065,-0.05792,-0.07756,-0.06709,-0.05375,-0.07299,-0.06219,-0.05023,-0.07744,-0.06885,-0.05657,-0.07534,-0.06513,-0.05344,-0.07051,-0.06185,-0.05121
-0.0133,-0.02101,-0.01479,-0.009674,-0.0169,-0.01313,-0.009692,-0.01624,-0.01378,-0.01076,-0.0316,-0.02387,-0.01391,-0.02778,-0.0189,-0.01121,-0.02098,-0.01483,-0.009991,-0.02624,-0.01859,-0.01121,-0.02114,-0.01483,-0.009974,-0.01686,-0.01338,-0.01007
0.07879,0.07006,0.06836,0.06629,0.06936,0.0688,0.06787,0.06801,0.06875,0.06911,0.08603,0.08677,0.08505,0.09157,0.0898,0.08744,0.09158,0.09036,0.08885,0.07867,0.07747,0.07523,0.08026,0.07875,0.07698,0.07887,0.07881,0.07819
0.1266,0.1252,0.1203,0.112,0.1242,0.1194,0.1115,0.1212,0.1173,0.1105,0.1363,0.1364,0.1303,0.1431,0.1389,0.1304,0.1427,0.1376,0.1293,0.1316,0.1285,0.1208,0.1339,0.1289,0.1205,0.1315,0.127,0.1193
0.0112,0.004801,0.004782,0.004003,0.004888,0.004676,0.004138,0.003288,0.003573,0.003678,0.01363,0.01504,0.01531,0.01729,0.01789,0.01719,0.0192,0.01899,0.01794,0.009537,0.01031,0.009778,0.01168,0.01158,0.01064,0.01146,0.01131,0.01058
0.05927,0.06145,0.05749,0.04995,0.06082,0.05573,0.04783,0.0567,0.05214,0.04491,0.06261,0.0646,0.06048,0.07032,0.06759,0.06021,0.07178,0.06668,0.0583,0.06331,0.06197,0.05556,0.06694,0.06232,0.05421,0.06495,0.05981,0.0517
0.03677,0.02547,0.02732,0.03005,0.0269,0.02885,0.03212,0.02586,0.0291,0.03356,0.03092,0.0368,0.04201,0.03967,0.04283,0.04619,0.04362,0.04553,0.04875,0.02861,0.03222,0.0357,0.0337,0.03555,0.03851,0.03417,0.03665,0.04032
0.08551,0.08157,0.08016,0.07655,0.08307,0.08042,0.07651,0.08,0.07844,0.07561,0.07917,0.08632,0.08784,0.09216,0.09283,0.09,0.09637,0.09387,0.08998,0.08155,0.08386,0.08203,0.08873,0.08668,0.0828,0.08812,0.0858,0.0822
-0.0317,-0.04212,-0.03773,-0.03325,-0.03972,-0.03638,-0.03247,-0.03945,-0.0366,-0.0326,-0.03858,-0.03498,-0.02865,-0.03712,-0.03127,-0.02536,-0.03237,-0.0275,-0.0231,-0.04086,-0.03627,-0.03084,-0.03817,-0.03336,-0.02889,-0.03513,-0.03183,-0.02811
0.01705,0.01382,0.01504,0.01315,0.01682,0.01522,0.01178,0.01483,0.01263,0.009204,0.00745,0.01271,0.01627,0.01379,0.01799,0.01801,0.02068,0.02076,0.01785,0.01071,0.01468,0.01516,0.01686,0.01765,0.01518,0.01927,0.01735,0.0136
0.05988,0.04696,0.04833,0.0506,0.04756,0.05012,0.05355,0.04817,0.05178,0.05633,0.06052,0.06346,0.06559,0.06618,0.06718,0.06904,0.06701,0.06898,0.07177,0.05446,0.05581,0.05764,0.05653,0.05814,0.06064,0.05675,0.05963,0.06327
0.107,0.1028,0.1003,0.09587,0.1024,0.1003,0.09662,0.1007,0.09967,0.0971,0.1118,0.1133,0.1101,0.1185,0.1159,0.1111,0.1179,0.1154,0.1112,0.1085,0.107,0.1027,0.1106,0.1079,0.1034,0.109,0.1071,0.1037
-0.007704,-0.01826,-0.01516,-0.01149,-0.01682,-0.01396,-0.01008,-0.01678,-0.01353,-0.009123,-0.01269,-0.008114,-0.003665,-0.007576,-0.004155,-0.0007264,-0.004628,-0.002057,0.001141,-0.0149,-0.01117,-0.007489,-0.0116,-0.008798,-0.005458,-0.01059,-0.00784,-0.004266
0.03951,0.03855,0.03721,0.03391,0.03861,0.03647,0.033,0.03584,0.03429,0.03147,0.03728,0.04136,0.04071,0.04571,0.0449,0.04135,0.04724,0.04464,0.04054,0.03959,0.0403,0.03765,0.04346,0.04131,0.03736,0.04213,0.03982,0.0361
0.0181,0.002741,0.007653,0.01481,0.004957,0.01036,0.01827,0.005745,0.01228,0.02126,0.007669,0.01513,0.02373,0.01576,0.02125,0.02874,0.01931,0.02464,0.03246,0.005703,0.01142,0.01885,0.01037,0.01543,0.02284,0.01182,0.01772,0.02602
0.06608,0.0594,0.06038,0.06086,0.06093,0.06146,0.0621,0.05922,0.06094,0.06269,0.05686,0.06477,0.06888,0.0689,0.07085,0.07167,0.0717,0.07211,0.07272,0.05957,0.06309,0.06464,0.06562,0.0661,0.06642,0.06522,0.06613,0.06716
-0.05036,-0.06474,-0.0573,-0.04828,-0.06169,-0.05483,-0.0462,-0.05984,-0.05356,-0.04494,-0.06244,-0.05651,-0.04648,-0.06061,-0.05232,-0.04234,-0.05595,-0.04803,-0.03913,-0.06378,-0.05685,-0.04736,-0.06113,-0.05327,-0.04434,-0.05745,-0.05073,-0.04234
-0.002465,-0.008848,-0.004933,-0.00242,-0.005757,-0.003876,-0.002558,-0.006391,-0.005085,-0.003754,-0.01561,-0.008937,-0.002318,-0.009458,-0.003665,0.0001305,-0.003633,-0.0007507,0.0008961,-0.01171,-0.006164,-0.001999,-0.006394,-0.002912,-0.0009964,-0.003906,-0.002395,-0.001365
0.08794,0.07932,0.07606,0.07196,0.07829,0.07638,0.07359,0.07669,0.07625,0.07489,0.09964,0.09847,0.09386,0.1052,0.1014,0.09621,0.1049,0.1017,0.0976,0.09011,0.08704,0.08231,0.0914,0.08815,0.08407,0.08961,0.08802,0.08527
0.1356,0.1341,0.1278,0.1175,0.1329,0.1268,0.1171,0.1297,0.1247,0.1162,0.1499,0.1479,0.1388,0.1563,0.1501,0.1389,0.1555,0.1486,0.1377,0.1428,0.1378,0.1277,0.1446,0.138,0.1274,0.1419,0.136,0.1262
0.0205,0.01464,0.01277,0.009871,0.01404,0.01244,0.01005,0.01197,0.01116,0.009619,0.0275,0.02731,0.02454,0.03218,0.03006,0.02633,0.03299,0.03064,0.02695,0.02182,0.02037,0.01717,0.02343,0.0213,0.01797,0.02232,0.02069,0.01787
0.06837,0.07121,0.06538,0.05571,0.06976,0.06335,0.05363,0.06522,0.0596,0.05074,0.07747,0.07713,0.0696,0.08523,0.0796,0.06914,0.08517,0.07804,0.06708,0.07587,0.07201,0.06283,0.07846,0.07187,0.06138,0.07554,0.06899,0.05882
0.0466,0.03575,0.03588,0.0365,0.03641,0.03711,0.03855,0.0349,0.03712,0.03995,0.04607,0.05018,0.05225,0.05533,0.05584,0.05621,0.05785,0.05788,0.05855,0.04162,0.04304,0.04384,0.04589,0.0459,0.04652,0.04541,0.04656,0.0482
0.09512,0.09174,0.08859,0.08286,0.09232,0.08851,0.0828,0.08885,0.08631,0.08186,0.09539,0.09995,0.09793,0.1078,0.1056,0.09977,0.1101,0.1059,0.09951,0.09487,0.09462,0.09001,0.1007,0.09682,0.09062,0.09904,0.09548,0.08989
-0.0216,-0.03151,-0.02889,-0.02664,-0.02959,-0.02787,-0.0259,-0.03016,-0.02846,-0.02611,-0.02492,-0.022,-0.01826,-0.02131,-0.01766,-0.01499,-0.01665,-0.01448,-0.01302,-0.02839,-0.0253,-0.02251,-0.02508,-0.02251,-0.02064,-0.02314,-0.02161,-0.02007
0.027,0.02478,0.02393,0.01969,0.02691,0.02366,0.01825,0.02398,0.02066,0.01559,0.02195,0.02637,0.02674,0.03066,0.03188,0.02828,0.03645,0.03364,0.02774,0.02396,0.02595,0.02346,0.03022,0.02848,0.0233,0.03109,0.02742,0.0215
0.04627,0.03338,0.03686,0.04192,0.03535,0.03921,0.04496,0.03656,0.04118,0.0478,0.03559,0.04306,0.05028,0.04397,0.04842,0.05422,0.04732,0.05115,0.05718,0.03571,0.04051,0.04611,0.04021,0.04384,0.04936,0.04171,0.04593,0.05218
0.09394,0.0896,0.08921,0.08757,0.09074,0.08988,0.08841,0.08964,0.08951,0.08891,0.08567,0.09298,0.09532,0.0968,0.0978,0.0969,0.09919,0.09831,0.09718,0.08967,0.09201,0.0916,0.09491,0.09416,0.09264,0.09463,0.09401,0.09304
-0.02162,-0.03315,-0.02725,-0.02059,-0.02972,-0.02526,-0.01901,-0.02841,-0.02426,-0.01792,-0.03618,-0.02907,-0.01967,-0.03209,-0.02426,-0.01628,-0.02595,-0.02059,-0.01393,-0.0345,-0.02735,-0.01961,-0.02955,-0.02384,-0.01721,-0.02616,-0.02189,-0.01573
0.02611,0.02358,0.0253,0.02511,0.02618,0.02556,0.02439,0.02476,0.02398,0.023,0.01152,0.01955,0.02487,0.02037,0.02495,0.02623,0.02659,0.0267,0.02596,0.01878,0.02399,0.02582,0.02571,0.02663,0.02599,0.02723,0.02629,0.02505
0.003203,-0.01338,-0.005612,0.004606,-0.008641,-0.00188,0.008328,-0.006414,0.0007267,0.01156,-0.01825,-0.00817,0.005846,-0.01131,-0.0007252,0.01156,-0.003249,0.004815,0.01597,-0.01591,-0.006403,0.00531,-0.008907,-0.0008674,0.009821,-0.004374,0.002678,0.01343
0.05173,0.04307,0.04731,0.05098,0.04779,0.04963,0.05252,0.04762,0.04983,0.05335,0.02846,0.04055,0.05121,0.04085,0.04906,0.05499,0.04987,0.05292,0.05679,0.03656,0.04512,0.05144,0.0465,0.05019,0.05383,0.0497,0.05164,0.05502
-0.06591,-0.08064,-0.07095,-0.05877,-0.07663,-0.06765,-0.05642,-0.07273,-0.06539,-0.05482,-0.08533,-0.07818,-0.0644,-0.08576,-0.07481,-0.06009,-0.081,-0.06931,-0.0562,-0.08324,-0.07443,-0.06116,-0.08127,-0.07046,-0.0578,-0.07552,-0.0665,-0.05525
-0.01762,-0.0257,-0.01875,-0.01271,-0.02069,-0.01648,-0.01249,-0.01879,-0.01653,-0.01331,-0.03984,-0.03194,-0.02046,-0.03696,-0.02697,-0.01746,-0.02934,-0.02184,-0.01576,-0.03272,-0.02447,-0.01573,-0.02753,-0.02015,-0.01417,-0.02167,-0.01779,-0.01391
0.07608,0.06801,0.06649,0.06485,0.06777,0.06716,0.06649,0.06679,0.06732,0.06781,0.07957,0.08131,0.08074,0.0862,0.08484,0.08326,0.08696,0.0857,0.08479,0.07479,0.07412,0.07261,0.07714,0.07572,0.07448,0.07624,0.07607,0.07582
0.1242,0.1231,0.1186,0.1108,0.1228,0.118,0.1103,0.1202,0.1161,0.1094,0.1295,0.131,0.1262,0.138,0.1342,0.1265,0.1384,0.1333,0.1255,0.1277,0.1253,0.1184,0.131,0.1261,0.1182,0.1292,0.1246,0.1172
0.008378,0.00229,0.002666,0.002384,0.003043,0.002878,0.002623,0.002095,0.002109,0.002293,0.007561,0.0093,0.0107,0.01102,0.01239,0.01271,0.01391,0.01403,0.01367,0.005308,0.006595,0.006911,0.007919,0.008244,0.007935,0.008595,0.008433,0.008067
0.05674,0.05886,0.05548,0.0485,0.0592,0.05416,0.04652,0.05584,0.05094,0.04373,0.05555,0.05858,0.05599,0.06377,0.06222,0.05596,0.06681,0.06203,0.05429,0.05858,0.05825,0.05287,0.06328,0.05919,0.05172,0.06244,0.05723,0.04941
0.03354,0.02231,0.02468,0.02796,0.02477,0.02664,0.03017,0.02447,0.02728,0.03179,0.0234,0.02995,0.03662,0.0322,0.03657,0.04106,0.03796,0.04009,0.04394,0.02323,0.02775,0.03223,0.0294,0.0317,0.03529,0.03112,0.03336,0.03734
0.08257,0.07827,0.07761,0.07464,0.08112,0.07843,0.07477,0.07892,0.07689,0.07404,0.07058,0.07915,0.08259,0.08435,0.08669,0.08512,0.09098,0.08873,0.08544,0.07561,0.07935,0.07874,0.08447,0.08302,0.0798,0.08538,0.0828,0.07946
-0.03516,-0.04538,-0.04058,-0.03548,-0.04241,-0.03881,-0.03453,-0.04104,-0.03851,-0.03444,-0.04477,-0.04132,-0.03412,-0.04413,-0.03787,-0.03074,-0.03923,-0.03353,-0.02815,-0.0455,-0.04075,-0.03446,-0.04304,-0.0376,-0.0323,-0.0389,-0.03537,-0.03121
0.01385,0.01023,0.01219,0.01107,0.01424,0.01297,0.009904,0.01357,0.01099,0.007568,0.0005088,0.005869,0.01078,0.005859,0.01117,0.01276,0.01372,0.0149,0.01303,0.005368,0.009957,0.01164,0.01167,0.01348,0.01195,0.01575,0.01405,0.01071
0.05681,0.04424,0.04595,0.04883,0.04552,0.04804,0.05185,0.0464,0.04987,0.05469,0.05145,0.05689,0.06096,0.05967,0.06168,0.06467,0.06199,0.06404,0.06754,0.04924,0.05178,0.05473,0.05285,0.05469,0.05786,0.05373,0.05653,0.06063
0.1042,0.1002,0.09808,0.09428,0.1006,0.09848,0.09511,0.09925,0.09801,0.09565,0.1023,0.1068,0.1057,0.1122,0.1107,0.107,0.1133,0.1108,0.1072,0.1032,0.1031,0.09999,0.1071,0.1047,0.1009,0.1063,0.1043,0.1013
-0.01088,-0.0215,-0.01779,-0.01344,-0.0191,-0.01619,-0.01192,-0.01851,-0.01547,-0.01086,-0.02138,-0.01506,-0.008609,-0.01516,-0.01019,-0.005396,-0.01018,-0.007247,-0.003278,-0.02067,-0.01559,-0.01065,-0.01588,-0.01253,-0.00843,-0.01375,-0.01106,-0.007055
0.03662,0.0353,0.03471,0.03212,0.03661,0.03447,0.03133,0.03445,0.0326,0.02992,0.02745,0.03415,0.03589,0.03794,0.03902,0.0369,0.04206,0.03977,0.03635,0.03334,0.03589,0.03465,0.03934,0.03779,0.03459,0.03933,0.03688,0.03352
0.01453,-0.0009674,0.004543,0.01242,0.002459,0.007756,0.01602,0.003786,0.009982,0.01915,-0.002496,0.007147,0.01804,0.00729,0.01455,0.02345,0.01348,0.01898,0.02749,-0.0009433,0.006325,0.01512,0.005712,0.01122,0.01936,0.008462,0.01409,0.02277
0.0628,0.05561,0.05738,0.05863,0.05866,0.05907,0.06004,0.05758,0.05889,0.06077,0.04545,0.05648,0.06333,0.06017,0.0643,0.06663,0.06622,0.06677,0.06802,0.05229,0.05798,0.06109,0.06107,0.0621,0.06316,0.06221,0.0628,0.06414
-0.05415,-0.06852,-0.06061,-0.05082,-0.06471,-0.05765,-0.04857,-0.062,-0.05594,-0.04712,-0.0711,-0.06399,-0.05227,-0.06871,-0.05939,-0.04789,-0.06289,-0.05423,-0.04432,-0.06972,-0.06197,-0.05124,-0.06634,-0.05786,-0.048,-0.06145,-0.05459,-0.04571
-0.006004,-0.01297,-0.008238,-0.004825,-0.008644,-0.006532,-0.004764,-0.008229,-0.007221,-0.005752,-0.02506,-0.01694,-0.008122,-0.01846,-0.01094,-0.005285,-0.01061,-0.006765,-0.004079,-0.01835,-0.01151,-0.005789,-0.01185,-0.007421,-0.004487,-0.007637,-0.00602,-0.004534
0.08584,0.07763,0.07466,0.07102,0.07721,0.07524,0.07269,0.076,0.07533,0.07406,0.09286,0.09328,0.09021,0.09983,0.09683,0.09269,0.1008,0.0977,0.09421,0.08628,0.08411,0.0803,0.08867,0.08566,0.08214,0.08758,0.08588,0.08347
0.1337,0.1324,0.1265,0.1167,0.132,0.1259,0.1164,0.1292,0.124,0.1155,0.143,0.1429,0.1354,0.1512,0.1458,0.1357,0.1517,0.1449,0.1346,0.139,0.135,0.1259,0.1421,0.1358,0.1257,0.1402,0.1341,0.1247
0.0183,0.01256,0.01115,0.008771,0.01276,0.01117,0.009021,0.01132,0.01021,0.008703,0.02065,0.02172,0.02057,0.02596,0.02508,0.02253,0.0284,0.02636,0.02336,0.01749,0.01709,0.01492,0.02023,0.01854,0.01586,0.02014,0.01843,0.01593
0.06645,0.0691,0.06388,0.05477,0.06871,0.0623,0.05278,0.06488,0.0589,0.05002,0.06966,0.07136,0.06578,0.07894,0.0748,0.06557,0.08092,0.07407,0.06373,0.07117,0.06876,0.06075,0.07541,0.06932,0.05947,0.07368,0.06701,0.0571
0.04401,0.0331,0.03376,0.03496,0.03487,0.03545,0.03712,0.03403,0.03583,0.03867,0.03765,0.04353,0.04754,0.04823,0.0502,0.05181,0.05299,0.05313,0.05444,0.03628,0.03905,0.04103,0.04227,0.04266,0.04392,0.04303,0.04392,0.04583
0.0928,0.08901,0.08656,0.08149,0.09095,0.08705,0.08156,0.08827,0.08527,0.08078,0.08594,0.09311,0.09338,0.1006,0.1002,0.09561,0.1056,0.1015,0.09566,0.0891,0.09065,0.08738,0.09712,0.09378,0.08823,0.09694,0.09311,0.08775
-0.02436,-0.03444,-0.03123,-0.02832,-0.03159,-0.0297,-0.02743,-0.03114,-0.0298,-0.02744,-0.03202,-0.0284,-0.02312,-0.02863,-0.02379,-0.01965,-0.02262,-0.0197,-0.01733,-0.03331,-0.02944,-0.02548,-0.02943,-0.02612,-0.02342,-0.02604,-0.02445,-0.02254
0.0245,0.02156,0.02163,0.01815,0.02505,0.022,0.0169,0.02331,0.01956,0.01444,0.01397,0.01949,0.0219,0.02256,0.02565,0.02377,0.03055,0.02864,0.02364,0.0183,0.02163,0.02059,0.02572,0.02499,0.0207,0.02847,0.02483,0.01922
0.05313,0.03999,0.04229,0.04589,0.04104,0.04425,0.04881,0.04187,0.04599,0.05155,0.05047,0.05479,0.0588,0.05671,0.05894,0.06239,0.0582,0.06099,0.06514,0.04595,0.04856,0.05199,0.04868,0.05117,0.05502,0.04933,0.05285,0.05767
0.1005,0.09605,0.09442,0.09132,0.09609,0.09464,0.09205,0.09461,0.09406,0.09247,0.1014,0.1047,0.1036,0.1093,0.108,0.1048,0.1095,0.1077,0.1048,0.1,0.09988,0.09723,0.103,0.1012,0.09803,0.1018,0.1006,0.09828
-0.01458,-0.02576,-0.02147,-0.0164,-0.0236,-0.02,-0.01499,-0.0231,-0.01938,-0.01404,-0.02255,-0.01714,-0.0108,-0.01806,-0.01296,-0.007723,-0.01398,-0.01032,-0.005717,-0.02395,-0.01882,-0.01342,-0.02006,-0.01607,-0.01131,-0.01819,-0.01477,-0.01006
0.03284,0.03106,0.03098,0.02912,0.03201,0.03058,0.02823,0.02972,0.0286,0.0267,0.02652,0.03204,0.03367,0.03503,0.03621,0.03457,0.03818,0.03664,0.03392,0.03014,0.03262,0.03185,0.03512,0.03419,0.03168,0.03479,0.03311,0.0305
0.01077,-0.005273,0.0008208,0.009359,-0.002127,0.003881,0.01285,-0.0008165,0.006043,0.01589,-0.003265,0.005124,0.01574,0.004358,0.01171,0.02099,0.009569,0.01583,0.02492,-0.004171,0.003077,0.01225,0.001434,0.007608,0.01638,0.003962,0.01033,0.01967
0.05899,0.05136,0.05364,0.05555,0.05404,0.05515,0.05685,0.05286,0.05488,0.05748,0.04494,0.05445,0.06101,0.05729,0.06143,0.06417,0.06228,0.06358,0.06546,0.04925,0.05472,0.0582,0.0568,0.05845,0.06016,0.05763,0.05898,0.06103
-0.05796,-0.0728,-0.06434,-0.05388,-0.06937,-0.06157,-0.05176,-0.06669,-0.05993,-0.05041,-0.07212,-0.06598,-0.05454,-0.07158,-0.06223,-0.05038,-0.06687,-0.05746,-0.04694,-0.07288,-0.06518,-0.0541,-0.07063,-0.06151,-0.05102,-0.06606,-0.05841,-0.04885
-0.009895,-0.01731,-0.01205,-0.007933,-0.01343,-0.01054,-0.007988,-0.01307,-0.0113,-0.009081,-0.02585,-0.01896,-0.01046,-0.02139,-0.01386,-0.007807,-0.01471,-0.01006,-0.006697,-0.02146,-0.0148,-0.008708,-0.01624,-0.01116,-0.007537,-0.01238,-0.009921,-0.007695
0.08194,0.07314,0.07076,0.06791,0.07238,0.07118,0.0695,0.07102,0.07114,0.07077,0.09125,0.09097,0.08802,0.0967,0.09397,0.09043,0.09673,0.09453,0.09186,0.08273,0.08068,0.07745,0.08426,0.08193,0.07922,0.08282,0.08198,0.08044
0.1298,0.1281,0.1227,0.1136,0.1272,0.1218,0.1131,0.1242,0.1197,0.1122,0.1415,0.1406,0.1332,0.1481,0.143,0.1334,0.1477,0.1417,0.1323,0.1356,0.1316,0.123,0.1378,0.132,0.1227,0.1354,0.1302,0.1216
0.01439,0.008024,0.007232,0.00564,0.007956,0.007085,0.005792,0.006308,0.005982,0.005362,0.01892,0.01939,0.01836,0.02279,0.0222,0.02023,0.02445,0.0232,0.02098,0.01383,0.01363,0.01205,0.01583,0.01482,0.01291,0.01544,0.01452,0.01286
0.06246,0.06465,0.05993,0.0516,0.06386,0.05814,0.04951,0.05973,0.05457,0.04662,0.06816,0.06903,0.06354,0.07583,0.07189,0.06326,0.07695,0.07087,0.06135,0.06766,0.0653,0.05783,0.07104,0.06555,0.05649,0.0689,0.06302,0.054
0.04005,0.02876,0.02987,0.03176,0.03005,0.03134,0.03382,0.02896,0.03157,0.03528,0.03644,0.04137,0.04525,0.04533,0.04734,0.0494,0.04901,0.04992,0.05193,0.03301,0.03569,0.03808,0.03795,0.03892,0.04088,0.03827,0.03996,0.04268
0.08878,0.08481,0.08268,0.07826,0.0861,0.0829,0.07823,0.08309,0.08092,0.07734,0.085,0.09097,0.09108,0.09781,0.0973,0.09321,0.1016,0.09821,0.09316,0.08602,0.08731,0.08442,0.0929,0.09002,0.08517,0.09215,0.0891,0.08457
-0.02835,-0.03878,-0.03514,-0.03152,-0.03643,-0.03385,-0.03075,-0.03628,-0.0341,-0.03087,-0.03349,-0.03055,-0.0254,-0.03152,-0.02665,-0.02209,-0.02658,-0.02295,-0.01988,-0.03663,-0.03279,-0.02843,-0.03372,-0.02988,-0.02649,-0.03083,-0.02844,-0.02573
0.02042,0.01724,0.01766,0.01489,0.02013,0.01777,0.01352,0.01802,0.01515,0.01096,0.01271,0.01733,0.01957,0.01971,0.02272,0.02131,0.02653,0.02532,0.0211,0.01512,0.01825,0.01759,0.0214,0.02115,0.01759,0.02357,0.02075,0.016
0.06277,0.04985,0.05054,0.05204,0.0503,0.05227,0.055,0.0509,0.05393,0.05779,0.06615,0.06763,0.06834,0.07112,0.07112,0.07178,0.07174,0.07284,0.07452,0.05852,0.05887,0.05966,0.06023,0.06108,0.06266,0.06037,0.06254,0.0653
0.1099,0.1056,0.1025,0.0973,0.1051,0.1025,0.09807,0.1034,0.1018,0.09858,0.1174,0.1174,0.1128,0.1233,0.1198,0.1138,0.1225,0.1192,0.1139,0.1124,0.11,0.1047,0.1142,0.1108,0.1054,0.1125,0.11,0.1057
-0.004776,-0.01525,-0.01289,-0.01003,-0.01402,-0.01177,-0.008614,-0.01403,-0.01135,-0.007636,-0.006988,-0.003813,-0.0008475,-0.002305,-0.00007491,0.002075,0.0002354,0.00187,0.003931,-0.01066,-0.007994,-0.005428,-0.007745,-0.005785,-0.003407,-0.006909,-0.004889,-0.002208
0.04244,0.04157,0.03948,0.03538,0.0414,0.03866,0.03447,0.0386,0.03648,0.03297,0.04329,0.04575,0.04354,0.05101,0.04898,0.04415,0.05204,0.04855,0.04333,0.04392,0.04348,0.03971,0.04729,0.04432,0.03942,0.04578,0.04277,0.03817
0.02113,0.005887,0.01003,0.01635,0.007848,0.01264,0.01979,0.008556,0.01452,0.02278,0.01374,0.01972,0.02675,0.02131,0.02556,0.03171,0.02433,0.02874,0.03539,0.01017,0.01478,0.02104,0.01438,0.01858,0.02499,0.01559,0.02077,0.02815
0.0691,0.06253,0.06274,0.06239,0.06379,0.06372,0.06363,0.06203,0.06318,0.06422,0.06328,0.06945,0.0719,0.07446,0.07513,0.07463,0.07663,0.07617,0.07565,0.06412,0.06644,0.06682,0.06957,0.06922,0.06857,0.06895,0.06917,0.0693
-0.04727,-0.06155,-0.05488,-0.04673,-0.05866,-0.0525,-0.04467,-0.05696,-0.05129,-0.0434,-0.0569,-0.05207,-0.04345,-0.05509,-0.04789,-0.03932,-0.05052,-0.04377,-0.03616,-0.05954,-0.05348,-0.04515,-0.05692,-0.05002,-0.04215,-0.05347,-0.0476,-0.04018
0.0006349,-0.005557,-0.002479,-0.0008621,-0.002691,-0.001538,-0.00101,-0.003492,-0.002804,-0.002201,-0.00982,-0.004292,0.000765,-0.003608,0.000879,0.003179,0.001857,0.003524,0.003878,-0.007236,-0.002707,0.0002287,-0.002075,0.0003745,0.001198,0.00008299,0.0007396,0.0008045
0.09083,0.08209,0.07822,0.07342,0.081,0.07854,0.07509,0.07944,0.07845,0.07644,0.1048,0.1024,0.09652,0.11,0.1052,0.0989,0.1096,0.1055,0.1003,0.0939,0.08998,0.0843,0.09501,0.09104,0.0861,0.09319,0.09092,0.08734
0.1384,0.1367,0.1299,0.119,0.1355,0.129,0.1186,0.1324,0.1269,0.1177,0.1551,0.1518,0.1414,0.1609,0.1538,0.1416,0.16,0.1524,0.1405,0.1465,0.1407,0.1297,0.1481,0.1409,0.1294,0.1454,0.1389,0.1283
0.02341,0.01752,0.01498,0.01135,0.01677,0.01463,0.01157,0.01473,0.01338,0.01119,0.03295,0.03141,0.02727,0.03722,0.03398,0.02908,0.03767,0.03446,0.02971,0.02585,0.02341,0.01921,0.02713,0.02423,0.02003,0.0259,0.02361,0.01997
0.07129,0.07405,0.06758,0.0572,0.07247,0.06554,0.05517,0.06799,0.06185,0.05234,0.0831,0.08127,0.07234,0.09022,0.0835,0.07189,0.08976,0.08184,0.06986,0.07991,0.07502,0.06487,0.0821,0.07478,0.06345,0.07909,0.07192,0.06095
0.0496,0.03867,0.03817,0.03804,0.03922,0.03937,0.04011,0.03773,0.03939,0.04154,0.0517,0.05447,0.05515,0.06042,0.05992,0.05911,0.06266,0.06186,0.06144,0.04571,0.0462,0.04598,0.04966,0.04895,0.04866,0.0491,0.04958,0.05037
0.09811,0.0946,0.09085,0.08441,0.09508,0.09075,0.08437,0.09169,0.0886,0.08348,0.1013,0.1043,0.1008,0.1128,0.1097,0.1027,0.1148,0.1098,0.1024,0.09896,0.09775,0.09215,0.1043,0.09983,0.09277,0.1027,0.09849,0.09207
-0.01855,-0.02849,-0.02655,-0.02508,-0.02668,-0.02557,-0.02432,-0.02728,-0.02616,-0.0245,-0.0197,-0.01775,-0.01533,-0.01605,-0.01345,-0.01205,-0.01154,-0.0104,-0.01009,-0.02435,-0.02209,-0.02034,-0.02111,-0.01938,-0.01847,-0.01932,-0.01854,-0.01788
0.03006,0.02784,0.02629,0.02126,0.02983,0.02597,0.01985,0.02688,0.02299,0.01723,0.02748,0.03077,0.02971,0.03615,0.03616,0.03125,0.04155,0.03773,0.03069,0.02816,0.02922,0.02564,0.03424,0.03163,0.02549,0.0349,0.03051,0.0237
0.04005,0.02648,0.03171,0.0386,0.0292,0.03436,0.04172,0.0308,0.03655,0.04463,0.0232,0.03334,0.04386,0.03189,0.03936,0.04802,0.03684,0.04273,0.05116,0.02613,0.03336,0.04144,0.03165,0.0372,0.04484,0.03399,0.03964,0.04778
0.08773,0.08285,0.08412,0.08427,0.08468,0.08506,0.08516,0.0839,0.08487,0.08573,0.07291,0.08322,0.08889,0.08495,0.0888,0.09068,0.08887,0.08992,0.09113,0.08014,0.08493,0.08695,0.08652,0.08758,0.08811,0.08699,0.08773,0.08861
-0.02793,-0.04027,-0.03254,-0.02395,-0.0361,-0.03019,-0.02229,-0.03425,-0.02894,-0.02113,-0.04787,-0.03873,-0.02615,-0.04445,-0.03358,-0.02257,-0.03701,-0.0292,-0.02001,-0.04404,-0.03463,-0.02434,-0.03858,-0.03065,-0.0218,-0.03413,-0.02827,-0.02018
0.01978,0.0163,0.01999,0.02173,0.01981,0.02062,0.0211,0.01892,0.01927,0.01977,-0.0006261,0.009582,0.01828,0.007521,0.01547,0.01988,0.01545,0.01803,0.01982,0.008901,0.01659,0.02105,0.0166,0.01978,0.02137,0.01927,0.01989,0.02056
-0.003279,-0.02094,-0.01113,0.00108,-0.01527,-0.006992,0.004927,-0.01235,-0.004071,0.008274,-0.02993,-0.01821,-0.0009707,-0.02452,-0.0106,0.00496,-0.01502,-0.004151,0.009663,-0.02583,-0.01404,0.0003334,-0.01848,-0.00798,0.005044,-0.01259,-0.003895,0.008834
0.04525,0.03542,0.04179,0.04745,0.0412,0.04452,0.04911,0.0417,0.04502,0.05004,0.01636,0.03018,0.04431,0.02718,0.03906,0.04835,0.03805,0.04392,0.05044,0.02631,0.03738,0.04644,0.03688,0.04306,0.04904,0.04154,0.04507,0.05041
-0.07259,-0.08793,-0.07649,-0.06232,-0.08357,-0.07288,-0.05986,-0.07893,-0.07028,-0.05814,-0.09636,-0.08766,-0.07109,-0.09786,-0.08454,-0.06672,-0.09308,-0.07859,-0.0626,-0.09246,-0.08186,-0.06612,-0.09076,-0.07772,-0.06263,-0.0843,-0.07327,-0.0599
-0.02435,-0.03335,-0.02442,-0.01629,-0.02778,-0.02177,-0.01595,-0.02503,-0.02145,-0.01666,-0.05095,-0.04174,-0.02734,-0.04975,-0.0371,-0.02422,-0.04198,-0.03132,-0.02223,-0.04222,-0.03215,-0.02077,-0.03748,-0.02757,-0.01905,-0.03059,-0.02463,-0.0186
0.06979,0.06158,0.06148,0.06151,0.06169,0.06231,0.06317,0.06095,0.06259,0.06452,0.06796,0.07212,0.07439,0.07519,0.07605,0.07702,0.07663,0.07725,0.07865,0.0661,0.0673,0.06796,0.06895,0.06916,0.06989,0.06846,0.06971,0.0713
0.1179,0.1169,0.1137,0.1074,0.1169,0.1132,0.107,0.1144,0.1114,0.1061,0.1177,0.1219,0.1199,0.1273,0.1255,0.1203,0.1284,0.1249,0.1193,0.1192,0.1186,0.1138,0.1231,0.1196,0.1136,0.1215,0.1182,0.1127
0.002021,-0.004422,-0.002455,-0.001,-0.003172,-0.002039,-0.0007362,-0.003778,-0.002663,-0.001046,-0.003878,-0.00002998,0.00427,-0.0005765,0.003375,0.006391,0.003333,0.005497,0.007495,-0.00371,-0.0004079,0.002189,-0.0005918,0.001573,0.0033,0.0007392,0.002014,0.003491
0.05035,0.05219,0.05037,0.0451,0.05305,0.04923,0.04312,0.04996,0.04613,0.04034,0.04376,0.04905,0.04947,0.05205,0.05313,0.04957,0.0563,0.05345,0.04803,0.04943,0.0512,0.04811,0.05481,0.0525,0.04704,0.05463,0.05078,0.04479
0.02701,0.01547,0.01939,0.02444,0.01842,0.02158,0.02671,0.01847,0.0224,0.02839,0.01202,0.02042,0.02994,0.02034,0.02726,0.03451,0.02701,0.03128,0.03755,0.01413,0.02055,0.02731,0.02065,0.02482,0.03049,0.02307,0.02677,0.03265
0.07604,0.07149,0.07236,0.07111,0.07487,0.07338,0.07129,0.07294,0.07198,0.07061,0.05878,0.06944,0.07584,0.07238,0.07736,0.07852,0.08019,0.07993,0.07899,0.06634,0.07214,0.07382,0.07584,0.07617,0.07498,0.07742,0.07621,0.07473
-0.04182,-0.05219,-0.04593,-0.03902,-0.04903,-0.04398,-0.03802,-0.04723,-0.04346,-0.03787,-0.05554,-0.05046,-0.04074,-0.0554,-0.0472,-0.03734,-0.05062,-0.0426,-0.0346,-0.05411,-0.04788,-0.03938,-0.05192,-0.04464,-0.03715,-0.04738,-0.04211,-0.03595
0.007133,0.003179,0.006763,0.007486,0.007533,0.007751,0.006373,0.007345,0.005987,0.004087,-0.0104,-0.003582,0.00399,-0.005956,0.001544,0.006043,0.002024,0.005694,0.006496,-0.003513,0.002656,0.006641,0.002537,0.006331,0.007046,0.007203,0.007252,0.005918
0.05094,0.0377,0.0411,0.04574,0.0398,0.04351,0.04882,0.04102,0.04552,0.05171,0.03888,0.04744,0.05489,0.04808,0.05305,0.05882,0.05203,0.05602,0.06185,0.03979,0.04495,0.05036,0.04476,0.04841,0.05362,0.04646,0.05059,0.05648
0.09833,0.09383,0.09329,0.09121,0.09496,0.09397,0.09207,0.09388,0.09365,0.09264,0.08949,0.09738,0.09966,0.1009,0.1022,0.1012,0.1035,0.1028,0.1015,0.09385,0.09634,0.09563,0.09925,0.0985,0.09664,0.09908,0.0984,0.09708
-0.01682,-0.02833,-0.02276,-0.01657,-0.02497,-0.02079,-0.01499,-0.02393,-0.01986,-0.01388,-0.03352,-0.0246,-0.01476,-0.02733,-0.01908,-0.01133,-0.0205,-0.01539,-0.009029,-0.03034,-0.0226,-0.0151,-0.02436,-0.01894,-0.01273,-0.02116,-0.01708,-0.01126
0.03065,0.02843,0.02973,0.02898,0.03075,0.02986,0.02825,0.02901,0.02818,0.02687,0.01479,0.02434,0.02965,0.0255,0.03005,0.03092,0.03176,0.03159,0.03055,0.02339,0.0288,0.03018,0.03086,0.03136,0.03025,0.03194,0.03085,0.02928
0.008414,-0.008127,-0.0006444,0.00913,-0.003606,0.002983,0.01283,-0.001742,0.005479,0.01605,-0.0149,-0.002872,0.01155,-0.005716,0.005198,0.01723,0.002732,0.01055,0.02153,-0.01116,-0.001032,0.01044,-0.003168,0.004542,0.01488,0.0008701,0.007901,0.01844
0.05668,0.04844,0.0522,0.05534,0.05265,0.05431,0.05684,0.05207,0.05438,0.05765,0.03249,0.04621,0.05678,0.04694,0.05491,0.06038,0.05556,0.05833,0.06202,0.04186,0.05058,0.0564,0.05224,0.05544,0.05866,0.05467,0.0566,0.05978
-0.06041,-0.0756,-0.06586,-0.05412,-0.07109,-0.06253,-0.05178,-0.06772,-0.06051,-0.05024,-0.08267,-0.07352,-0.05869,-0.08099,-0.0688,-0.05416,-0.07428,-0.06298,-0.05036,-0.0792,-0.06923,-0.05593,-0.07542,-0.06472,-0.05254,-0.06952,-0.06094,-0.05009
-0.01231,-0.02032,-0.01359,-0.00816,-0.01512,-0.01146,-0.008,-0.01398,-0.01183,-0.008908,-0.03686,-0.02686,-0.01471,-0.03151,-0.02067,-0.01166,-0.02233,-0.01563,-0.01018,-0.02822,-0.019,-0.01054,-0.02127,-0.01439,-0.009067,-0.01578,-0.01242,-0.008953
0.0799,0.07141,0.06991,0.06789,0.07154,0.0707,0.06957,0.0706,0.0709,0.07095,0.08136,0.08425,0.08415,0.08886,0.08831,0.08677,0.09076,0.08962,0.08839,0.07758,0.0775,0.07591,0.08077,0.07942,0.07781,0.08028,0.07989,0.07919
0.1278,0.1264,0.1219,0.1136,0.1264,0.1214,0.1132,0.1238,0.1195,0.1124,0.1316,0.1339,0.1293,0.1406,0.1374,0.1297,0.1419,0.1369,0.1287,0.1304,0.1286,0.1215,0.1344,0.1296,0.1213,0.133,0.1281,0.1203
0.01232,0.006064,0.006302,0.005597,0.007018,0.006571,0.005861,0.005896,0.00574,0.005542,0.009006,0.01244,0.01442,0.01431,0.01635,0.01655,0.01829,0.01824,0.01751,0.008313,0.01028,0.01046,0.01205,0.01221,0.01148,0.01282,0.01239,0.0116
0.06043,0.06267,0.05904,0.05158,0.06302,0.05769,0.04959,0.05944,0.05439,0.0468,0.05763,0.06195,0.05956,0.06729,0.06605,0.05952,0.07093,0.06593,0.05781,0.06193,0.06195,0.05626,0.06733,0.06299,0.05506,0.06641,0.06094,0.05272
0.03786,0.02652,0.02876,0.03166,0.029,0.03072,0.03387,0.02847,0.03125,0.03546,0.02589,0.03404,0.04114,0.03645,0.04124,0.0456,0.04266,0.04477,0.04839,0.027,0.03206,0.03638,0.03397,0.03614,0.03939,0.03554,0.03771,0.04139
0.08665,0.08254,0.08161,0.07818,0.08519,0.08233,0.07828,0.08272,0.08066,0.07753,0.07368,0.0835,0.08695,0.08889,0.09125,0.08937,0.09546,0.0931,0.08955,0.07977,0.08369,0.08273,0.08899,0.0873,0.08368,0.08955,0.0869,0.08327
-0.0306,-0.04111,-0.03632,-0.03164,-0.0377,-0.03453,-0.03071,-0.03683,-0.03444,-0.03069,-0.0431,-0.03764,-0.0295,-0.04024,-0.0329,-0.02592,-0.0335,-0.02828,-0.02343,-0.04224,-0.03645,-0.03015,-0.03804,-0.0328,-0.02799,-0.03385,-0.03077,-0.02702
0.0182,0.01474,0.01648,0.01479,0.01891,0.01714,0.01358,0.01759,0.01487,0.01115,0.00264,0.009936,0.01538,0.01042,0.01632,0.01741,0.01954,0.01996,0.01746,0.009085,0.01448,0.01586,0.01695,0.01823,0.01608,0.02064,0.01846,0.01469
0.04746,0.034,0.0378,0.04303,0.03549,0.03993,0.04597,0.03654,0.04179,0.04872,0.0395,0.04639,0.05321,0.04639,0.05092,0.05689,0.0486,0.05328,0.05972,0.03767,0.04235,0.04795,0.04107,0.04524,0.05103,0.04215,0.04711,0.05372
0.09479,0.09021,0.08999,0.08848,0.09063,0.09035,0.0892,0.08929,0.08984,0.08961,0.09036,0.09633,0.09797,0.09925,0.1,0.09924,0.1001,0.1,0.09938,0.09189,0.09374,0.0932,0.09558,0.09529,0.09404,0.0947,0.09487,0.09431
-0.02033,-0.03202,-0.02607,-0.0193,-0.0293,-0.02438,-0.01786,-0.02846,-0.02363,-0.01692,-0.03317,-0.02562,-0.01645,-0.02885,-0.0212,-0.01329,-0.02392,-0.01816,-0.0112,-0.03241,-0.02519,-0.01752,-0.02803,-0.02214,-0.01535,-0.02551,-0.02058,-0.01405
0.02707,0.02473,0.02636,0.02622,0.02632,0.02619,0.02534,0.02434,0.02432,0.02379,0.01548,0.02333,0.02794,0.02401,0.02788,0.02895,0.02824,0.02877,0.02839,0.02148,0.02618,0.02772,0.02713,0.0281,0.02761,0.02747,0.02727,0.02647
0.004868,-0.01183,-0.00398,0.006327,-0.008009,-0.0006554,0.009874,-0.006276,0.001694,0.01295,-0.01414,-0.003766,0.009786,-0.007152,0.003048,0.01516,-0.0007812,0.007722,0.01925,-0.01304,-0.003602,0.007936,-0.006915,0.001303,0.01217,-0.003531,0.004358,0.01555
0.05307,0.04479,0.04884,0.05252,0.04819,0.05062,0.05386,0.04741,0.05051,0.05452,0.03361,0.04534,0.055,0.04561,0.05272,0.0583,0.05199,0.05546,0.05975,0.04015,0.04799,0.05387,0.04849,0.05215,0.05594,0.05019,0.053,0.05689
-0.06401,-0.07928,-0.06919,-0.05693,-0.07551,-0.0662,-0.05476,-0.07235,-0.06434,-0.05338,-0.08226,-0.07445,-0.06043,-0.0825,-0.07093,-0.05626,-0.0778,-0.06586,-0.05268,-0.08122,-0.07176,-0.05842,-0.07915,-0.06799,-0.05527,-0.07402,-0.06454,-0.05301
-0.01599,-0.02404,-0.01699,-0.01101,-0.01972,-0.01522,-0.01102,-0.01876,-0.01575,-0.01208,-0.03625,-0.02777,-0.0165,-0.03293,-0.02287,-0.01379,-0.02598,-0.01859,-0.01251,-0.03011,-0.02159,-0.01309,-0.02509,-0.01774,-0.01183,-0.02042,-0.01611,-0.01189
0.07616,0.06738,0.06633,0.065,0.06683,0.06682,0.06656,0.0656,0.06681,0.06778,0.0812,0.08289,0.08243,0.08681,0.08601,0.08485,0.08701,0.08672,0.08629,0.07502,0.07464,0.07338,0.07673,0.076,0.07513,0.07556,0.07615,0.07635
0.124,0.1226,0.1183,0.1107,0.1218,0.1175,0.1102,0.1187,0.1154,0.1092,0.1316,0.1326,0.1276,0.1386,0.1351,0.1278,0.1382,0.1339,0.1266,0.1281,0.1257,0.1189,0.1305,0.1262,0.1186,0.1282,0.1244,0.1175
0.008557,0.002036,0.002711,0.002696,0.002326,0.002674,0.002816,0.0008685,0.00162,0.002339,0.008691,0.0111,0.01269,0.01237,0.01407,0.01459,0.01465,0.01535,0.01538,0.005736,0.007417,0.007914,0.008092,0.008803,0.008782,0.008141,0.008636,0.008722
0.05659,0.05871,0.05542,0.04863,0.05827,0.05372,0.04649,0.05426,0.05016,0.04355,0.05765,0.06062,0.0578,0.06542,0.06374,0.05756,0.06724,0.06298,0.05568,0.05953,0.05908,0.05367,0.06338,0.05952,0.05232,0.06163,0.05711,0.04981
0.03407,0.02268,0.0252,0.0287,0.02428,0.0268,0.03076,0.02339,0.02711,0.0322,0.02621,0.03292,0.03937,0.03483,0.039,0.04356,0.03897,0.04183,0.04616,0.02488,0.02931,0.03379,0.03007,0.03272,0.03661,0.03078,0.03392,0.03844
0.08279,0.07882,0.07806,0.07519,0.08048,0.07837,0.07514,0.07752,0.07643,0.07423,0.07437,0.08242,0.08515,0.08738,0.08899,0.08732,0.09177,0.09013,0.08732,0.07784,0.08096,0.08011,0.08516,0.08385,0.08087,0.08474,0.08305,0.08029
-0.03444,-0.04494,-0.03988,-0.03461,-0.04244,-0.03847,-0.03384,-0.04198,-0.03862,-0.03397,-0.04318,-0.03879,-0.03127,-0.04188,-0.03511,-0.02798,-0.03713,-0.03125,-0.0257,-0.04448,-0.03917,-0.03275,-0.04188,-0.03623,-0.0308,-0.03864,-0.03459,-0.03001
0.01428,0.01095,0.01287,0.01178,0.01408,0.01311,0.0104,0.01227,0.01058,0.00781,0.002799,0.008821,0.01357,0.008915,0.01405,0.01532,0.01584,0.01693,0.01519,0.007023,0.01172,0.01321,0.01308,0.01473,0.01324,0.01572,0.01455,0.01167
0.05751,0.04448,0.04647,0.04946,0.04528,0.04833,0.0524,0.04599,0.05004,0.05516,0.05568,0.05982,0.06326,0.06172,0.06374,0.06674,0.06291,0.0657,0.06951,0.05095,0.05318,0.056,0.05332,0.05565,0.05901,0.05376,0.05724,0.06164
0.1046,0.1004,0.09844,0.09472,0.1001,0.09854,0.09546,0.09854,0.09792,0.09592,0.107,0.1096,0.1077,0.1142,0.1125,0.1088,0.1139,0.1121,0.1089,0.105,0.1043,0.101,0.1074,0.1054,0.1018,0.106,0.1047,0.102
-0.01009,-0.02084,-0.01705,-0.01265,-0.01915,-0.01576,-0.01124,-0.01897,-0.01528,-0.0103,-0.01756,-0.01179,-0.005996,-0.01214,-0.007636,-0.003028,-0.008772,-0.005354,-0.001131,-0.01854,-0.01384,-0.009144,-0.01489,-0.01132,-0.007105,-0.0136,-0.01025,-0.005908
0.03709,0.03598,0.03531,0.03275,0.03629,0.03465,0.03182,0.03364,0.03251,0.03027,0.03233,0.03762,0.03832,0.04111,0.04137,0.039,0.04306,0.04129,0.03821,0.03592,0.03759,0.03597,0.04017,0.03876,0.03569,0.03909,0.03738,0.03443
0.01567,0.00007423,0.005692,0.01361,0.002566,0.008505,0.01707,0.00351,0.01049,0.02006,0.002789,0.01138,0.02133,0.01102,0.01767,0.02638,0.01504,0.02127,0.03015,0.002003,0.008662,0.01713,0.006977,0.01283,0.02115,0.008743,0.01525,0.02435
0.06363,0.05675,0.05842,0.05965,0.05855,0.05959,0.06089,0.05698,0.05913,0.06147,0.05189,0.06098,0.06644,0.06418,0.06724,0.06926,0.06743,0.06869,0.07036,0.05581,0.06032,0.06291,0.06225,0.06349,0.06471,0.06214,0.06365,0.06547
-0.05284,-0.06742,-0.05929,-0.04949,-0.06419,-0.05672,-0.04741,-0.06214,-0.05537,-0.04615,-0.06709,-0.06017,-0.04885,-0.06526,-0.05592,-0.0447,-0.0604,-0.05147,-0.04145,-0.06742,-0.0596,-0.04907,-0.06463,-0.05592,-0.04604,-0.06067,-0.05323,-0.04403
-0.004977,-0.01161,-0.006954,-0.00364,-0.008289,-0.005791,-0.003781,-0.008703,-0.006921,-0.004985,-0.02033,-0.01271,-0.004756,-0.0143,-0.00738,-0.002292,-0.008196,-0.004263,-0.001479,-0.01543,-0.008985,-0.003743,-0.009984,-0.005608,-0.002726,-0.007161,-0.00494,-0.003077
0.08548,0.07686,0.07418,0.07076,0.07598,0.07456,0.07237,0.07447,0.07444,0.07365,0.09487,0.09474,0.09139,0.1007,0.09779,0.09375,0.1006,0.09831,0.09517,0.08663,0.08436,0.08058,0.08814,0.08558,0.08233,0.08655,0.08553,0.08353
0.1331,0.1317,0.126,0.1163,0.1306,0.125,0.1158,0.1274,0.1228,0.1149,0.1453,0.1442,0.1363,0.152,0.1465,0.1364,0.1513,0.1452,0.1352,0.1395,0.1352,0.1259,0.1415,0.1355,0.1256,0.1389,0.1335,0.1245
0.01802,0.0121,0.01086,0.008664,0.01171,0.0106,0.008816,0.009746,0.009338,0.00836,0.02257,0.0235,0.02206,0.02752,0.02646,0.02388,0.02877,0.02722,0.02452,0.01817,0.01764,0.01543,0.02013,0.01871,0.01623,0.01926,0.01818,0.01611
0.06585,0.06871,0.06347,0.05449,0.06745,0.06149,0.05238,0.06298,0.05775,0.04946,0.0725,0.0733,0.06706,0.08064,0.07598,0.06663,0.08096,0.07457,0.06459,0.07226,0.06928,0.06106,0.0752,0.06926,0.05961,0.07247,0.06645,0.05703
0.04407,0.03321,0.03393,0.03526,0.03404,0.03522,0.03729,0.03261,0.03526,0.03867,0.04132,0.04644,0.04975,0.05083,0.05224,0.05372,0.05356,0.0544,0.05609,0.03808,0.0403,0.04206,0.04258,0.04327,0.04474,0.04228,0.04401,0.04643
0.09256,0.08926,0.08665,0.08161,0.08997,0.08661,0.08152,0.08656,0.08443,0.08057,0.0906,0.09621,0.09539,0.1034,0.102,0.09723,0.1059,0.1024,0.09699,0.09137,0.0919,0.08822,0.09742,0.09419,0.08881,0.09592,0.09291,0.08809
-0.02415,-0.0341,-0.03087,-0.02789,-0.03204,-0.02978,-0.02717,-0.03249,-0.03034,-0.02739,-0.02959,-0.0257,-0.02074,-0.02586,-0.02129,-0.01747,-0.02102,-0.01799,-0.01548,-0.03192,-0.02806,-0.02429,-0.02849,-0.02518,-0.02243,-0.02635,-0.02419,-0.02185
0.0244,0.02215,0.02193,0.01842,0.02445,0.02172,0.01696,0.02163,0.01875,0.01428,0.01726,0.02258,0.02419,0.02604,0.02817,0.02574,0.03202,0.03005,0.02521,0.02039,0.02315,0.02164,0.02678,0.02577,0.02148,0.02785,0.0248,0.01967
0.04367,0.03042,0.03466,0.04055,0.03274,0.03715,0.04361,0.03415,0.03923,0.04647,0.03028,0.0389,0.04759,0.03883,0.04454,0.05163,0.04284,0.04758,0.05468,0.0316,0.03746,0.04418,0.03655,0.04102,0.04749,0.03846,0.04329,0.05036
0.09132,0.08671,0.08704,0.0862,0.08815,0.08783,0.08705,0.08723,0.08755,0.08757,0.08032,0.08881,0.09259,0.09182,0.09391,0.09427,0.09474,0.0947,0.09464,0.08563,0.08898,0.08966,0.09131,0.09135,0.09074,0.09139,0.09136,0.09119
-0.02426,-0.03617,-0.0295,-0.02198,-0.03242,-0.02735,-0.02038,-0.03085,-0.02623,-0.01927,-0.04134,-0.03322,-0.02236,-0.0373,-0.02818,-0.01887,-0.03057,-0.0242,-0.01643,-0.03861,-0.03044,-0.02155,-0.03335,-0.02671,-0.0191,-0.02949,-0.02456,-0.01756
0.02345,0.02047,0.02305,0.02371,0.02347,0.02346,0.02302,0.02233,0.02199,0.02164,0.006254,0.01531,0.02211,0.01503,0.02094,0.02358,0.0219,0.02302,0.0234,0.01458,0.02085,0.02384,0.02187,0.02372,0.02407,0.02387,0.02359,0.02318
0.0005178,-0.01659,-0.007933,0.003163,-0.01144,-0.00403,0.006922,-0.008894,-0.001285,0.01019,-0.02328,-0.01237,0.003085,-0.01678,-0.004804,0.008896,-0.008095,0.001103,0.01342,-0.02013,-0.009594,0.003295,-0.01291,-0.003831,0.00788,-0.007796,-0.00004887,0.01156
0.04903,0.03984,0.04498,0.04953,0.045,0.04747,0.05111,0.04514,0.04781,0.05196,0.02337,0.03627,0.04839,0.03529,0.04492,0.05227,0.04496,0.04915,0.05419,0.03232,0.0419,0.0494,0.04249,0.04721,0.05187,0.04628,0.04889,0.05313
-0.06866,-0.08374,-0.07328,-0.06022,-0.07955,-0.06984,-0.05784,-0.07531,-0.06744,-0.05621,-0.09017,-0.08224,-0.0671,-0.09089,-0.07884,-0.06275,-0.08595,-0.0731,-0.05876,-0.08724,-0.07752,-0.06316,-0.08524,-0.07347,-0.05976,-0.07914,-0.06929,-0.05714
-0.02041,-0.02898,-0.02114,-0.01418,-0.02367,-0.0187,-0.01393,-0.0214,-0.0186,-0.01472,-0.04463,-0.03608,-0.02325,-0.04231,-0.03115,-0.02019,-0.03449,-0.02574,-0.01838,-0.03679,-0.02769,-0.01777,-0.03167,-0.02323,-0.01616,-0.02536,-0.02063,-0.01583
0.07338,0.06518,0.0643,0.06344,0.06514,0.06507,0.06508,0.06433,0.06531,0.06641,0.07435,0.07714,0.07792,0.08124,0.08088,0.08052,0.08237,0.08198,0.08213,0.07091,0.07109,0.07061,0.07352,0.07285,0.07251,0.07289,0.07333,0.0739
0.1215,0.1204,0.1165,0.1093,0.1203,0.1159,0.1089,0.1178,0.1141,0.108,0.1243,0.1269,0.1234,0.1332,0.1303,0.1237,0.1339,0.1295,0.1228,0.1239,0.1223,0.1164,0.1275,0.1233,0.1162,0.1259,0.1218,0.1153
0.005658,-0.0006491,0.0004395,0.0009528,0.0003666,0.0007637,0.001199,-0.0003773,0.0000789,0.0008754,0.002287,0.00507,0.007878,0.005869,0.0084,0.009967,0.009312,0.01031,0.01102,0.001277,0.003502,0.004888,0.004209,0.005341,0.005958,0.005241,0.005682,0.006124
0.05398,0.05595,0.05326,0.04706,0.05655,0.05203,0.04507,0.05336,0.04889,0.04229,0.05025,0.0543,0.05311,0.05863,0.05818,0.05315,0.06222,0.05825,0.05157,0.05455,0.05514,0.05082,0.05959,0.05626,0.04971,0.05909,0.05444,0.04744
0.03077,0.01935,0.0224,0.02649,0.02205,0.02448,0.02872,0.02194,0.02521,0.03035,0.01837,0.02579,0.03377,0.02713,0.03255,0.03828,0.03326,0.0363,0.04124,0.01928,0.02464,0.03016,0.02565,0.02875,0.03327,0.0277,0.03056,0.03537
0.07978,0.07535,0.07535,0.07315,0.07844,0.07627,0.0733,0.0764,0.0748,0.07259,0.06545,0.07496,0.07969,0.07932,0.08266,0.08229,0.08634,0.08491,0.08268,0.07166,0.07624,0.07666,0.08077,0.08007,0.07776,0.08197,0.07998,0.07746
-0.03797,-0.04833,-0.04288,-0.03696,-0.04523,-0.04102,-0.036,-0.04364,-0.0406,-0.03589,-0.04968,-0.04537,-0.03693,-0.04903,-0.04187,-0.03351,-0.04402,-0.03737,-0.03085,-0.0493,-0.04384,-0.03652,-0.04683,-0.0406,-0.03433,-0.04246,-0.03822,-0.0332
0.011,0.007164,0.009861,0.009565,0.01139,0.01074,0.008415,0.01095,0.008863,0.006093,-0.004377,0.001727,0.00788,0.0008133,0.007055,0.009913,0.008817,0.01098,0.01026,0.00152,0.006808,0.009534,0.007798,0.01042,0.009884,0.01214,0.01116,0.00869
0.05434,0.04144,0.04388,0.04754,0.04309,0.04612,0.05058,0.04415,0.04804,0.05343,0.04607,0.05283,0.05838,0.05477,0.05798,0.0622,0.05775,0.06062,0.06515,0.04522,0.04886,0.0529,0.0494,0.05201,0.05609,0.05066,0.05403,0.0589
0.1017,0.09747,0.09603,0.09299,0.09819,0.09655,0.09383,0.097,0.09617,0.09438,0.09689,0.1028,0.1031,0.1074,0.107,0.1045,0.1091,0.1074,0.1048,0.09925,0.1002,0.09814,0.1038,0.102,0.09909,0.1032,0.1018,0.0995
-0.01337,-0.0244,-0.0199,-0.01474,-0.02158,-0.01814,-0.01321,-0.02078,-0.01732,-0.01213,-0.02669,-0.01913,-0.01119,-0.02019,-0.01394,-0.007872,-0.01449,-0.01068,-0.005673,-0.02478,-0.01857,-0.0125,-0.01944,-0.01524,-0.01022,-0.01686,-0.01359,-0.008803
0.0341,0.03239,0.03259,0.03081,0.03412,0.03251,0.03004,0.03217,0.03073,0.02863,0.02204,0.02999,0.03325,0.03284,0.03522,0.03437,0.03771,0.03627,0.03391,0.02916,0.03288,0.03278,0.03577,0.03505,0.03277,0.03621,0.03433,0.03174
0.01198,-0.003983,0.002357,0.01106,-0.0001014,0.005745,0.01469,0.001475,0.008091,0.01785,-0.007747,0.002986,0.01539,0.002016,0.01067,0.02091,0.009018,0.01546,0.02506,-0.005234,0.003254,0.01321,0.002015,0.008424,0.01752,0.005285,0.01151,0.02099
0.06023,0.0526,0.05519,0.05727,0.05612,0.05706,0.0587,0.05527,0.05699,0.05946,0.04009,0.05225,0.06063,0.05489,0.06039,0.06404,0.06176,0.06321,0.06553,0.048,0.0549,0.05916,0.0574,0.0593,0.0613,0.05903,0.0602,0.06234
-0.05674,-0.07151,-0.06282,-0.05217,-0.06739,-0.0597,-0.0499,-0.06439,-0.05786,-0.04842,-0.07612,-0.068,-0.05488,-0.07377,-0.06327,-0.05042,-0.06754,-0.05783,-0.04677,-0.07374,-0.065,-0.05314,-0.07011,-0.06071,-0.04985,-0.06479,-0.05723,-0.0475
-0.008635,-0.01606,-0.01049,-0.006198,-0.01137,-0.008607,-0.00611,-0.01063,-0.00916,-0.007078,-0.03011,-0.02108,-0.01082,-0.02377,-0.01494,-0.007892,-0.01538,-0.01044,-0.006584,-0.02249,-0.01463,-0.007731,-0.01573,-0.01033,-0.006369,-0.01102,-0.008692,-0.006358
0.08328,0.07491,0.07258,0.06968,0.07477,0.07328,0.07136,0.07373,0.07344,0.07273,0.08764,0.08918,0.08749,0.09498,0.09302,0.09006,0.09638,0.09414,0.09166,0.08241,0.08117,0.07839,0.08523,0.08292,0.08027,0.08445,0.08329,0.08163
0.1311,0.1298,0.1245,0.1154,0.1296,0.1239,0.115,0.127,0.1221,0.1142,0.1379,0.1388,0.1326,0.1465,0.1421,0.133,0.1474,0.1413,0.132,0.1352,0.1321,0.1239,0.1387,0.133,0.1238,0.137,0.1315,0.1228
0.01573,0.009736,0.009044,0.00742,0.0103,0.00919,0.007676,0.009037,0.008305,0.007357,0.01528,0.01753,0.01785,0.0209,0.02123,0.01991,0.02405,0.02282,0.02082,0.01343,0.01408,0.01299,0.0167,0.01578,0.01397,0.01702,0.01583,0.01407
0.06384,0.06632,0.06177,0.05341,0.06627,0.0603,0.05142,0.06258,0.05697,0.04864,0.06425,0.06714,0.063,0.07392,0.07092,0.06288,0.07659,0.07047,0.06112,0.06713,0.06576,0.05879,0.07192,0.06654,0.05756,0.07055,0.06438,0.05521
0.04139,0.03028,0.03161,0.03357,0.03236,0.03343,0.03575,0.03169,0.03389,0.03731,0.03246,0.03941,0.04479,0.0433,0.04634,0.04915,0.04858,0.04953,0.05186,0.03228,0.03603,0.03906,0.03873,0.03986,0.042,0.03984,0.04127,0.04395
0.09015,0.08625,0.08443,0.08009,0.08849,0.08502,0.08017,0.08593,0.0833,0.0794,0.08071,0.08897,0.09059,0.09576,0.09631,0.0929,0.1012,0.09781,0.09302,0.08516,0.08765,0.0854,0.09366,0.09097,0.08629,0.09378,0.09044,0.08584
-0.02701,-0.0373,-0.03341,-0.02971,-0.03418,-0.03176,-0.02881,-0.03353,-0.03177,-0.02882,-0.03706,-0.03245,-0.02585,-0.03353,-0.02766,-0.02231,-0.02714,-0.02334,-0.01991,-0.03721,-0.03246,-0.02745,-0.03306,-0.02897,-0.02535,-0.02933,-0.02713,-0.02444
0.0218,0.01866,0.01942,0.01674,0.02245,0.01992,0.01549,0.0209,0.01757,0.01304,0.008914,0.01535,0.0191,0.01754,0.02169,0.02105,0.02598,0.02492,0.02099,0.01435,0.01856,0.01858,0.02204,0.0221,0.01874,0.02515,0.0221,0.01729
0.05074,0.03739,0.04037,0.0447,0.03867,0.04241,0.04762,0.03964,0.04422,0.05035,0.04567,0.0511,0.0564,0.05214,0.05542,0.06004,0.05401,0.05767,0.06285,0.04234,0.04587,0.05029,0.04537,0.04862,0.05335,0.04628,0.05042,0.05602
0.09806,0.09352,0.09252,0.09013,0.09375,0.09281,0.09085,0.09237,0.09227,0.09126,0.09668,0.101,0.1011,0.1049,0.1044,0.1024,0.1053,0.1044,0.1025,0.0965,0.09721,0.09552,0.09977,0.09862,0.09634,0.09878,0.09816,0.09661
-0.01701,-0.02846,-0.02343,-0.01761,-0.02603,-0.02186,-0.01619,-0.02534,-0.02117,-0.01525,-0.02725,-0.02084,-0.01319,-0.02274,-0.01651,-0.01007,-0.01825,-0.01366,-0.008016,-0.02769,-0.02156,-0.01513,-0.02348,-0.01866,-0.01299,-0.02128,-0.01722,-0.01172
0.03039,0.02832,0.029,0.02791,0.02958,0.02871,0.02701,0.02746,0.02679,0.02547,0.02176,0.02826,0.03122,0.03028,0.03259,0.03217,0.03387,0.03324,0.03157,0.0264,0.02985,0.03011,0.03168,0.03157,0.02997,0.03167,0.03063,0.0288
0.008305,-0.008077,-0.001211,0.008111,-0.004625,0.001965,0.01161,-0.003102,0.004215,0.01465,-0.007922,0.001348,0.01328,-0.0005499,0.008037,0.01859,0.005154,0.01241,0.02259,-0.007974,0.0002488,0.01048,-0.002125,0.004947,0.01465,0.0008022,0.007832,0.01797
0.0565,0.04856,0.0516,0.0543,0.05155,0.05323,0.0556,0.05057,0.05304,0.05623,0.04021,0.05061,0.05851,0.05236,0.05772,0.06172,0.05785,0.06012,0.06307,0.04541,0.05188,0.05641,0.05326,0.05578,0.05841,0.05447,0.05646,0.05931
-0.06048,-0.07555,-0.06639,-0.05513,-0.07198,-0.06352,-0.053,-0.06906,-0.06178,-0.05165,-0.07656,-0.06963,-0.05696,-0.07631,-0.06589,-0.05278,-0.07146,-0.06095,-0.04929,-0.07651,-0.06797,-0.05586,-0.07425,-0.06423,-0.05276,-0.06938,-0.06096,-0.05056
-0.01245,-0.02018,-0.01414,-0.009199,-0.01609,-0.01251,-0.009249,-0.01545,-0.01318,-0.01034,-0.03038,-0.02272,-0.01295,-0.0263,-0.01765,-0.01027,-0.01944,-0.01364,-0.009099,-0.02518,-0.01767,-0.0105,-0.01999,-0.01393,-0.009307,-0.01575,-0.01251,-0.009434
0.07944,0.07059,0.06881,0.06666,0.06998,0.06929,0.06824,0.06874,0.06929,0.06949,0.08661,0.08722,0.08549,0.09213,0.09033,0.08793,0.09236,0.09105,0.0894,0.07923,0.07796,0.07567,0.0809,0.07931,0.07744,0.07969,0.07945,0.07868
0.1272,0.1257,0.1208,0.1124,0.1248,0.1199,0.1119,0.1219,0.1178,0.1109,0.137,0.1369,0.1306,0.1437,0.1394,0.1309,0.1434,0.1382,0.1297,0.1322,0.129,0.1212,0.1345,0.1294,0.1209,0.1323,0.1276,0.1198
0.01187,0.005389,0.005257,0.004386,0.00553,0.00518,0.004524,0.004014,0.00412,0.004074,0.01415,0.01557,0.01582,0.01805,0.01854,0.01774,0.02012,0.01974,0.01853,0.01017,0.01086,0.01025,0.01242,0.01218,0.01112,0.0123,0.01197,0.01108
0.0599,0.06204,0.05795,0.05033,0.06145,0.05622,0.04822,0.05742,0.05268,0.04531,0.06338,0.06519,0.06095,0.07114,0.0682,0.06071,0.07262,0.06735,0.05883,0.06403,0.06252,0.05601,0.06765,0.06288,0.05467,0.06575,0.06044,0.05218
0.03749,0.02611,0.02785,0.03047,0.02757,0.02939,0.03253,0.02661,0.02967,0.03397,0.03186,0.03763,0.0427,0.04072,0.04367,0.04688,0.0446,0.04639,0.04945,0.02944,0.0329,0.03625,0.03451,0.03623,0.03906,0.03505,0.03737,0.04088
0.08619,0.08222,0.08068,0.07696,0.08372,0.08095,0.07692,0.08074,0.07901,0.07602,0.08041,0.08721,0.08849,0.09327,0.09363,0.09063,0.09728,0.09464,0.09062,0.08248,0.08454,0.08257,0.08953,0.08733,0.08332,0.08895,0.08648,0.08274
-0.03095,-0.04146,-0.03718,-0.03282,-0.039,-0.03583,-0.03205,-0.03868,-0.03602,-0.03219,-0.03794,-0.03424,-0.02793,-0.03609,-0.03033,-0.02461,-0.0311,-0.02652,-0.02236,-0.04013,-0.03558,-0.03026,-0.03725,-0.03262,-0.02831,-0.03415,-0.03107,-0.02754
0.01778,0.01452,0.01559,0.01358,0.01754,0.01577,0.01239,0.0156,0.0132,0.009621,0.008249,0.01356,0.01697,0.01503,0.01895,0.01872,0.02195,0.02168,0.01855,0.01156,0.01541,0.01573,0.01782,0.01838,0.01574,0.02022,0.01808,0.01415
0.06053,0.04751,0.04878,0.05095,0.04815,0.05059,0.0539,0.04884,0.05228,0.05668,0.06162,0.06415,0.06611,0.06691,0.06784,0.06958,0.06785,0.06973,0.07236,0.05515,0.05637,0.05809,0.05719,0.05872,0.0611,0.05755,0.06027,0.06374
0.1076,0.1033,0.1007,0.09621,0.1029,0.1008,0.09696,0.1014,0.1002,0.09745,0.113,0.1139,0.1106,0.1192,0.1165,0.1116,0.1187,0.1161,0.1117,0.1092,0.1075,0.1031,0.1112,0.1084,0.1039,0.1097,0.1078,0.1041
-0.007039,-0.01767,-0.01468,-0.01113,-0.01621,-0.01348,-0.009721,-0.0161,-0.01301,-0.008764,-0.01159,-0.007327,-0.003081,-0.006607,-0.003384,-0.0001238,-0.003686,-0.00126,0.001762,-0.01409,-0.01054,-0.007007,-0.01085,-0.008176,-0.004975,-0.009763,-0.007176,-0.003773
0.04014,0.03915,0.03768,0.03427,0.03921,0.03694,0.03335,0.03651,0.03479,0.03183,0.03863,0.04219,0.04125,0.04669,0.04562,0.0419,0.04808,0.04536,0.04111,0.04047,0.04092,0.03811,0.04419,0.0419,0.03782,0.04291,0.04045,0.03657
0.01882,0.00339,0.008181,0.01521,0.005595,0.01088,0.01865,0.006442,0.01282,0.02163,0.009154,0.01615,0.02446,0.01687,0.02216,0.02946,0.02029,0.02554,0.03319,0.006655,0.01216,0.01941,0.01118,0.01612,0.02338,0.01268,0.01844,0.02656
0.06677,0.06005,0.06089,0.06125,0.06155,0.06196,0.06248,0.05991,0.06147,0.06306,0.05863,0.06584,0.06957,0.07005,0.0717,0.07233,0.0726,0.07292,0.07339,0.06061,0.06382,0.06518,0.0664,0.06676,0.06694,0.06603,0.06682,0.06769
-0.04961,-0.06407,-0.05675,-0.04787,-0.061,-0.05429,-0.04581,-0.05913,-0.05301,-0.04456,-0.06129,-0.05556,-0.04572,-0.05948,-0.05131,-0.04156,-0.05472,-0.04703,-0.03836,-0.06295,-0.05609,-0.04678,-0.06022,-0.05252,-0.04377,-0.0565,-0.04997,-0.04178
-0.001744,-0.008144,-0.004381,-0.002017,-0.00507,-0.003344,-0.002171,-0.005678,-0.004545,-0.003376,-0.01426,-0.007887,-0.001565,-0.008159,-0.002643,0.0008704,-0.002434,0.0001976,0.001615,-0.01073,-0.00538,-0.001429,-0.00545,-0.002171,-0.0004447,-0.002988,-0.001669,-0.0008251
0.08848,0.07977,0.07643,0.07227,0.07882,0.07681,0.07392,0.07734,0.07673,0.07525,0.1003,0.09882,0.09414,0.1057,0.1018,0.09654,0.1055,0.1023,0.098,0.0906,0.08742,0.08264,0.09192,0.08859,0.08443,0.0903,0.08856,0.08567
0.1361,0.1345,0.1282,0.1178,0.1334,0.1272,0.1174,0.1303,0.1251,0.1165,0.1506,0.1482,0.139,0.1568,0.1504,0.1392,0.1561,0.1491,0.1381,0.1433,0.1382,0.128,0.1451,0.1384,0.1277,0.1426,0.1365,0.1266
0.02106,0.01513,0.01316,0.01019,0.01458,0.01288,0.01039,0.01262,0.01165,0.009981,0.0282,0.02775,0.02488,0.03282,0.03055,0.02673,0.03369,0.03121,0.02739,0.02239,0.02081,0.01754,0.02402,0.02178,0.01836,0.02302,0.02124,0.01829
0.0689,0.07169,0.06576,0.05603,0.07029,0.06378,0.05396,0.06587,0.06009,0.05111,0.07836,0.0776,0.0699,0.08589,0.08005,0.06948,0.08579,0.07854,0.06747,0.0765,0.07244,0.06317,0.07903,0.07231,0.06175,0.07619,0.06951,0.05923
0.04721,0.03629,0.03632,0.03686,0.03699,0.03758,0.03891,0.03557,0.03763,0.04032,0.04718,0.05089,0.05275,0.05619,0.05649,0.05673,0.05861,0.05855,0.05909,0.04237,0.0436,0.04428,0.04654,0.04645,0.04697,0.04615,0.04717,0.04867
0.09569,0.09227,0.08902,0.08321,0.09288,0.08896,0.08315,0.08952,0.08682,0.08224,0.09672,0.1007,0.09839,0.1087,0.1062,0.1002,0.1108,0.1065,0.1,0.09568,0.09517,0.09043,0.1013,0.09734,0.09104,0.09973,0.09605,0.09035
-0.02097,-0.03093,-0.02843,-0.02628,-0.02898,-0.02738,-0.02553,-0.02947,-0.02794,-0.02573,-0.02413,-0.02131,-0.01771,-0.02034,-0.01689,-0.01442,-0.01565,-0.01372,-0.01244,-0.02769,-0.02471,-0.02204,-0.02431,-0.02191,-0.02017,-0.02234,-0.02098,-0.01958
0.02712,0.02618,0.02497,0.01792,0.02767,0.02429,0.01583,0.02462,0.02096,0.01037,-0.01019,0.002416,-0.005417,-0.007979,0.02386,0.009315,0.02574,0.03138,0.01309,0.02102,0.02489,0.015,0.02991,0.02876,0.01729,0.03117,0.02761,0.01445
